id;first_name;last_name;email;phone
1;Gregorio;Goyette;Lonie52@hotmail.com;(761) 830-6757 x948
2;Dovie;Gutkowski;Fae39@hotmail.com;1-899-353-6920
3;Hyman;McKenzie;Tyson_Becker7@hotmail.com;(398) 874-0688
4;Dino;Kautzer;Okey80@yahoo.com;1-889-017-5329
5;Nova;Kemmer;Lauren.Kutch22@yahoo.com;1-149-066-8611
6;Conner;Hettinger;Nettie.Koss@yahoo.com;1-840-174-0629
7;Kim;Ernser;Vallie_Osinski29@yahoo.com;308-345-3275
8;Carlos;Abshire;Timmothy_King16@yahoo.com;267-145-9888
9;Delphia;Walker;Lola36@gmail.com;(102) 609-0133
10;Celine;Grady;Doris_DAmore@gmail.com;1-535-127-9356
